{"cameraMode":{"drawMode":0,"name":"Shaded","section":"Shading Mode"},"sceneLighting":true,"audioPlay":false,"sceneViewState":{"m_AlwaysRefresh":false,"showFog":true,"showSkybox":true,"showFlares":true,"showImageEffects":true,"showParticleSystems":true,"showVisualEffectGraphs":true,"m_FxEnabled":true},"in2DMode":false,"pivot":{"x":245.32418823242188,"y":1167.86181640625,"z":106.21736907958985},"rotation":{"x":-0.05128629878163338,"y":-0.005395759828388691,"z":0.0002772306033875793,"w":-0.9986699223518372},"size":1147.55126953125,"orthographic":false}