{"cameraMode":{"drawMode":0,"name":"Shaded","section":"Shading Mode"},"sceneLighting":true,"audioPlay":false,"sceneViewState":{"m_AlwaysRefresh":false,"showFog":true,"showSkybox":true,"showFlares":true,"showImageEffects":true,"showParticleSystems":true,"showVisualEffectGraphs":true,"m_FxEnabled":true},"in2DMode":false,"pivot":{"x":895.5016479492188,"y":213.73406982421876,"z":596.2833251953125},"rotation":{"x":-0.03178786858916283,"y":0.03207588940858841,"z":-0.0010202944977208973,"w":-0.9989835619926453},"size":232.06964111328126,"orthographic":false}