{"cameraMode":{"drawMode":0,"name":"Shaded","section":"Shading Mode"},"sceneLighting":true,"audioPlay":false,"sceneViewState":{"m_AlwaysRefresh":false,"showFog":true,"showSkybox":true,"showFlares":true,"showImageEffects":true,"showParticleSystems":true,"showVisualEffectGraphs":true,"m_FxEnabled":true},"in2DMode":false,"pivot":{"x":245.32418823242188,"y":1167.86181640625,"z":106.21736907958985},"rotation":{"x":-0.09608645737171173,"y":-0.17758947610855103,"z":0.017425691708922387,"w":-0.9792487621307373},"size":619.6465454101563,"orthographic":false}