{"cameraMode":{"drawMode":0,"name":"Shaded","section":"Shading Mode"},"sceneLighting":true,"audioPlay":false,"sceneViewState":{"m_AlwaysRefresh":false,"showFog":true,"showSkybox":true,"showFlares":true,"showImageEffects":true,"showParticleSystems":true,"showVisualEffectGraphs":true,"m_FxEnabled":true},"in2DMode":false,"pivot":{"x":-0.5236712098121643,"y":4.413437843322754,"z":0.020379096269607545},"rotation":{"x":0.0985259860754013,"y":0.009549658745527268,"z":0.0009474832913838327,"w":-0.995090901851654},"size":5.478404998779297,"orthographic":false}